Column1,Column2,Column3,Column4,Column5,Column6,Column7,Column8,Column9,Column10,Column11,Column12,Column13,
Time,Eul-X,Eul-Y,Eul-Z,Accel-X,Accel-Y,Accel-Z,Omega-X,Omega-Y,Omega-Z,Gyro-X,Gyro-Y,Gyro-Z,Tag
"2208,21","-5,170000076","76,43000031","-21,14999962",-262,-6,61,0,"-0,039999999",0,0,"0,01","0,01",0
2208222,"-5,170000076","76,43000031","-21,14999962",-262,-6,61,0,"-0,039999999",0,0,"0,01","0,01",0
2208248,"-5,289999962","76,48999786","-21,26000023",-258,-6,58,"-0,01","0,029999999","-0,01","-0,01","-0,01","0,01",0
2208273,"-5,420000076","76,55999756","-21,36000061",-254,-6,60,"-0,02","0,050000001","-0,01","-0,02","-0,02",0,0
2208303,"-5,519999981","76,58000183","-21,44000053",-257,-4,60,"-0,01","0,01","-0,01","-0,01",0,0,0
2208356,"-5,369999886","76,66000366","-21,28000069",-259,-3,61,0,"0,050000001","0,029999999","-0,01","0,029999999",0,0
2208422,"-4,389999866","76,70999908","-20,32999992",-262,-5,61,"0,02","0,01","0,07",0,"0,01","0,029999999",0
2208453,"-4,489999771","76,80999756","-20,26000023",-260,-2,60,"-0,039999999","0,029999999","0,01","-0,050000001","0,01","0,02",0
2208503,"-4,059999943","76,87000275","-19,78000069",-260,-3,62,"-0,02","0,029999999","0,059999999","-0,039999999","0,01","0,02",0
2208557,"-3,619999886","76,77999878","-19,29999924",-259,-5,60,"-0,01","-0,029999999","0,039999999","-0,029999999","-0,01","0,02",0
2208604,"-3,589999914","76,79000092","-19,23999977",-260,-3,60,"-0,01",0,0,"-0,02","-0,01","0,039999999",0
2208682,"-3,420000076","76,81999969",-19,-260,-4,62,"-0,02","0,01","0,02","-0,039999999","-0,01","0,02",0
2208708,"-3,299999952","76,75","-18,77000046",-260,-5,64,"-0,029999999","-0,02","0,01","-0,02","0,01","0,029999999",0
2208754,"-3,440000057","76,68000031","-18,87999916",-259,-4,63,"-0,02","-0,050000001","-0,02","-0,02","0,01","0,02",0
2208808,"-3,430000067","76,51999664","-18,85000038",-261,-4,63,0,"-0,059999999",0,0,"-0,029999999","0,01",0
2208861,"-3,380000114","76,41999817","-18,75",-260,-2,63,"-0,02","-0,029999999","0,01","-0,01","-0,02","0,02",0
2208904,"-2,890000105","76,33999634","-18,21999931",-259,-4,62,"-0,01","-0,029999999","0,039999999","-0,02","-0,02","0,02",0
2208954,"-3,029999971","76,37000275","-18,30999947",-260,-5,62,"-0,02","0,01","-0,01","-0,02","-0,01","0,02",0
2209002,"-3,359999895","76,38999939","-18,59000015",-263,-5,64,"-0,02","0,01","-0,02","-0,01","-0,01","0,02",0
2209053,"-3,670000076","76,26000214","-18,85000038",-260,-4,63,"-0,02","-0,050000001","-0,02","-0,01","-0,039999999","0,01",0
2209104,"-3,589999914","76,22000122","-18,70999908",-257,-4,62,"-0,02","-0,01","0,01","-0,01","-0,02","0,02",0
2209153,"-3,369999886","76,23000336","-18,44000053",-258,-4,63,"-0,02",0,"0,02","-0,01","-0,02","0,029999999",0
2209204,"-3,49000001","76,19999695","-18,42000008",-258,-3,64,"-0,050000001","-0,01",0,"-0,039999999","-0,01","0,01",0
2209289,"-3,440000057","76,18000031","-18,19000053",-261,-5,63,"-0,059999999","-0,01","0,02","-0,059999999",0,"0,01",0
2209306,"-3,579999924","76,19000244","-18,29999924",-258,-3,64,"-0,01",0,"-0,01",0,"-0,02","0,029999999",0
2209355,"-3,450000048","76,16999817","-18,17000008",-259,-3,64,0,"-0,01","0,02","-0,01",0,"0,01",0
2209403,"-3,390000105","76,23999786","-18,03000069",-259,-5,63,"-0,029999999","0,02","0,01","-0,029999999","0,029999999","0,01",0
2209455,"-3,910000086","76,33000183","-18,44000053",-260,-4,65,"-0,039999999","0,029999999","-0,029999999","-0,039999999","0,029999999",0,0
2209504,"-4,059999943","76,26999664","-18,56999969",-260,-4,62,"-0,01","-0,02","-0,01","-0,01","0,02","-0,01",0
2209555,"-4,03000021","76,37999725","-18,5",-260,-5,63,"-0,01","0,039999999","0,01","-0,01","0,01","0,01",0
2209606,"-4,230000019","76,41000366","-18,63999939",-259,-4,63,"-0,02","0,01","-0,01","-0,02","0,01","0,01",0
2209654,"-4,139999866","76,41000366","-18,54000092",-242,-2,63,0,0,"0,01","-0,01","0,01","0,01",0
2209704,"-3,549999952","76,25","-17,96999931",-262,-4,60,"0,01","-0,059999999","0,039999999",0,"0,029999999","0,01",0
2209755,"-3,609999895","76,51000214","-17,92000008",-260,0,69,"-0,029999999","0,090000004","0,01","-0,039999999","0,01","0,02",0
2209805,"-2,299999952","76,18000031","-16,47999954",-262,1,63,"-0,029999999","-0,119999997","0,109999999","-0,059999999","0,01","0,050000001",0
2209866,"-1,370000005","76,29000092","-15,31000042",-260,-1,64,"-0,07","0,029999999","0,090000004","-0,100000001","0,01","0,039999999",0
2209905,"-1,639999986","76,33999634","-15,35000038",-257,-1,63,"-0,07","0,01",0,"-0,07","0,029999999",0,0
2209955,"-1,360000014","76,36000061","-15,18000031",-258,-4,63,"0,050000001","0,01","0,02","0,039999999","0,02","0,01",0
2210007,"-1,720000029","76,40000153","-15,78999996",-259,-1,64,"0,079999998","0,02","-0,050000001","0,090000004","0,02","0,01",0
2210059,"-1,320000052","76,40000153","-15,71000004",-262,2,63,"0,109999999",0,"0,01","0,100000001","0,029999999",0,0
2210152,"-0,699999988","76,52999878","-15,30000019",-263,0,62,"0,079999998","0,039999999","0,029999999","0,059999999","0,039999999","-0,029999999",0
"2210,18","-1,220000029","76,75","-16,32999992",-261,-3,63,"0,090000004","0,039999999","-0,039999999","0,079999998","0,02","-0,050000001",0
2210207,"-1,789999962","76,75","-17,03000069",-259,-3,59,"0,07",0,"-0,100000001","0,090000004","0,029999999","-0,059999999",0
2210265,"-1,980000019","76,87000275","-17,42000008",-264,-5,58,"0,109999999","0,079999998","-0,050000001","0,129999995","0,039999999","-0,02",0
2210311,"-4,349999905","77,31999969","-19,90999985",-263,-11,57,"0,02","0,150000006","-0,159999996","0,050000001","0,079999998","-0,100000001",0
2210385,"-7,940000057","77,56999969","-23,54000092",-258,-13,53,"-0,02","0,129999995","-0,289999992","0,029999999","0,090000004","-0,159999996",0
2210413,"-12,65999985","78,08999634","-28,70999908",-255,-10,55,"0,079999998","0,170000002","-0,230000004","0,150000006","0,100000001","-0,129999995",0
2210478,"-13,15999985","78,12000275","-29,39999962",-260,-11,52,"0,109999999","0,039999999","-0,079999998","0,159999996","0,090000004","-0,119999997",0
2210507,"-15,77999973","78,48999786","-32,20999908",-265,-9,49,"0,029999999","0,129999995","-0,119999997","0,029999999","0,109999999","-0,140000001",0
2210588,"-16,64999962","78,73000336","-33,09999847",-266,-8,51,0,"0,170000002","-0,059999999","-0,01","0,109999999","-0,159999996",0
2210623,"-16,70999908","79,19000244","-33,45999908",-259,-14,47,"0,059999999","0,100000001","0,01","0,050000001","0,100000001","-0,119999997",0
2210678,"-18,09000015","79,37000275","-34,88999939",-260,-14,50,"0,01","0,119999997","-0,100000001","0,029999999","0,119999997","-0,100000001",0
2210723,"-19,32999992","79,41000366","-36,22000122",-260,-11,53,"0,02","0,039999999","-0,07","0,029999999","0,109999999","-0,079999998",0
"2210,76","-18,67000008","79,31999969","-35,63999939",-262,-11,54,"0,039999999","-0,050000001","0,029999999","0,029999999","0,090000004","-0,07",0
2210843,"-17,82999992","79,23000336","-34,91999817",-261,-9,50,"0,059999999","-0,059999999","0,050000001","0,029999999","0,079999998","-0,039999999",0
2210866,"-14,39999962","79,63999939","-31,64999962",-262,-3,38,"0,050000001","0,050000001","0,150000006","0,01","0,100000001","0,039999999",0
2210908,"-12,97999954","80,08999634","-30,30999947",-259,0,39,"0,059999999","0,270000011","0,239999995","0,02","0,100000001","0,07",0
2210959,"-8,770000458","80,76000214","-26,35000038",-260,-5,34,"0,129999995","0,219999999","0,319999993","0,07","0,119999997","0,129999995",0
2211007,"-7,769999981","81,93000031","-25,31999969",-247,-5,37,"-0,01","0,389999986","0,109999999","-0,039999999","0,230000004","0,100000001",0
2211062,"-6,630000114","82,55000305","-24,31999969",-244,8,39,"0,059999999","0,219999999","0,079999998","0,02","0,25999999","0,100000001",0
2211109,"3,279999971","82,81999969","-14,89000034",-252,12,43,"0,170000002","0,07","0,379999995","0,150000006","0,219999999","0,159999996",0
2211163,"11,85999966","82,58999634","-6,980000019",-240,18,40,"0,270000011","-0,039999999","0,379999995","0,230000004","0,189999998","0,189999998",0
2211211,"21,96999931","82,23000336","2,450000048",-229,29,36,"0,25",0,"0,419999987","0,180000007","0,189999998","0,200000003",0
2211258,"32,09999847",82,"11,93000031",-239,26,29,"0,270000011","0,140000001","0,460000008","0,159999996","0,280000001","0,129999995",0
2211308,"39,25","82,26000214","18,26000023",-237,23,26,"0,330000013","0,270000011","0,209999993","0,219999999","0,289999992","0,07",100
2211358,"43,91999817","82,62999725","21,69000053",-224,28,21,"0,439999998","0,200000003","0,029999999","0,319999993","0,219999999",0,100
2211409,"50,13999939","82,5","26,63999939",-210,43,20,"0,460000008","0,129999995","0,189999998","0,460000008","0,129999995","0,039999999",100
2211458,"57,47999954","81,80999756","32,02999878",-187,52,2,"0,689999998","0,059999999","0,340000004","0,660000026","0,100000001","-0,079999998",100
"2211,51","67,58000183","81,5","40,41999817",-137,48,-2,"0,639999986","0,330000013","0,300000012","0,550000012","0,079999998","-0,270000011",100
2211561,"73,62999725","80,87000275","44,93999863",-99,21,2,"0,529999971","0,140000001","0,280000001","0,439999998","-0,050000001","-0,289999992",100
2211609,"72,76000214","81,91000366","43,29999924",-93,39,25,"0,25999999","0,02","-0,360000014","0,189999998","-0,02","-0,469999999",100
2211665,"61,52000046","81,63999939","30,63999939",-70,28,-24,"0,469999999","-0,639999986","-0,170000002","0,460000008","-0,219999999","-0,689999998",100
2211709,"64,05000305","84,33999634","31,95000076",-66,-17,-111,"0,379999995","0,439999998","-0,720000029","0,370000005","-0,150000006","-1,100000024",100
2211758,"-174,9799957","87,04000092","148,8699951",-223,-69,-118,"1,659999967","2,049999952","-2,049999952","1,529999971","-0,230000004","-1,590000033",100
2211835,"-131,8099976","74,94999695","-168,7400055",-453,-145,41,"0,360000014","2,670000076","-3,880000114","0,239999995","0,519999981","-2,50999999",100
2211861,"-97,63999939","62,90000153","-131,0599976",-524,-561,99,"-0,300000012","-1,870000005","-3,589999914","-1,200000048","0,419999987","-2,539999962",100
2211909,"-96,55000305","59,00999832","-127,0299988",-732,-952,464,"-1,5","-0,939999998","-2,950000048","-1,639999986","-1,00999999","-2,950000048",100
2211958,"-93,16000366","48,47999954","-133,3999939",-516,370,168,"3,039999962","2,00999999","-3,799999952","2,910000086","1,940000057","-3,789999962",100
2212009,"-84,58000183","37,02000046","-136,5599976",-71,119,112,"3,650000095","0,99000001","-4,369999886","3,710000038","1,049999952","-4,360000134",100
"2212,06","-75,81999969","29,85000038","-132,3399963",202,-343,74,"2,210000038","-1,620000005","-2,309999943","0,349999994","-0,25","-4,869999886",100
"2212,11","-75,76000214","3,380000114","-134,8000031",29,-246,-38,"0,079999998","-1,480000019","-9,670000076","0,319999993","0,200000003","-2,869999886",100
2212159,"-78,87000275","-2,869999886","-136,5800018",12,-187,111,"-1,120000005","0,129999995","-2,289999962","0,779999971","0,379999995","-1,470000029",100
2212211,"-72,36000061","-5,25","-137,6699982",-7,-212,51,"2,299999952","0,159999996","-0,930000007","0,819999993","0,289999992","-0,910000026",100
2212261,"-70,73999786","-4,420000076","-137,6699982",25,-193,83,"0,540000021","0,090000004","0,25999999","0,819999993","0,170000002","-0,310000002",100
2212317,"-68,19999695","-4,639999866","-137,7299957",-2,-230,81,"0,879999995","-0,01","-0,079999998","0,579999983","-0,01","0,119999997",100
2212362,"-67,80999756","-2,910000086","-137,3999939",25,-185,112,"0,129999995","0,109999999","0,540000021","0,319999993","-0,079999998","0,159999996",100
2212412,"-65,76999664","-3,019999981","-136,1699982",-8,-218,127,"0,810000002","-0,449999988","0,159999996","0,129999995","-0,419999987","0,460000008",100
2212465,"-65,72000122","0,07","-135,1000061",-21,-252,158,"0,02","0,100000001","1,139999986","-0,519999981","-0,159999996","0,810000002",100
2212598,"-65,77999878","2,779999971","-133,9400024",-59,-250,105,"-0,039999999","0,02","0,970000029","-0,860000014","-0,239999995","0,649999976",100
2212667,"-77,16000366","11,81000042","-135,0299988",-81,-222,57,"-1,50999999","0,519999981","1,100000024","-1,399999976","0,02","0,330000013",100
2212689,"-79,79000092","14,96000004","-134,2299957",-56,-233,57,"-0,75","-0,02","0,839999974","-0,899999976","-0,180000007","0,230000004",100
2212874,"-87,97000122","15,26000023","-135,2899933",-63,-245,19,"0,230000004","-0,059999999","-0,170000002","0,109999999","-0,059999999","-0,200000003",100
2212911,"-86,98000336","14,86999989","-135,0700073",-57,-240,18,"0,529999971","-0,129999995","-0,219999999","0,349999994","0,07","-0,140000001",100
"2212,96","-85,48999786","14,31000042","-134,8899994",-41,-247,29,"0,680000007","-0,100000001","-0,25999999","0,600000024","0,07","-0,119999997",100
2213011,"-83,23999786","12,38000011","-134,2100067",-66,-249,47,"0,75","-0,300000012","-0,660000026","0,589999974","-0,090000004","-0,230000004",100
"2213,06","-80,11000061","12,46000004","-133,9299927",-63,-252,45,"1,049999952","-0,090000004","0,039999999","0,720000029","0,079999998","-0,180000007",100
2213117,"-78,33000183","12,40999985","-133,3300018",-57,-244,60,"0,589999974","-0,209999993","0,02","0,579999983","-0,109999999","-0,109999999",100
2213162,"-76,33000183","12,03999996","-133,1799927",-54,-247,62,"0,600000024","-0,07","-0,100000001","0,430000007","0,059999999","-0,150000006",100
2213214,"-75,5","11,64999962","-133,1399994",-46,-233,71,"0,319999993","-0,050000001","-0,140000001","0,280000001","0,050000001","-0,150000006",100
2213285,"-74,37999725","11,42000008","-132,9299927",-42,-253,74,"0,360000014","-0,090000004","-0,059999999","0,159999996","0,059999999",0,100
2213314,"-74,43000031","10,88000011","-132,3899994",-48,-241,63,"-0,039999999","-0,159999996","-0,090000004","-0,100000001","-0,01","0,109999999",100
2213364,"-74,76999664","11,02999973","-132,1799927",-57,-245,59,"-0,230000004","-0,090000004","0,119999997","-0,159999996","-0,029999999","0,109999999",100
2213417,"-75,44000244","11,77000046","-132,1000061",-57,-246,62,"-0,239999995","0,039999999","0,25","-0,100000001","0,039999999","0,109999999",100
2213464,"-75,58000183","12,26000023","-131,9900055",-64,-244,66,"-0,050000001","0,01","0,159999996","-0,02","0,039999999","0,079999998",100
2213512,"-75,68000031","12,76000023","-131,9299927",-63,-246,62,"-0,039999999","0,029999999","0,189999998","-0,109999999","0,02","0,02",100
2213562,"-76,05999756","12,92000008","-131,8200073",-56,-246,55,"-0,140000001","-0,02","0,07","-0,140000001","-0,029999999","-0,029999999",100
2213611,"-76,62999725","12,64999962","-131,8500061",-55,-248,54,"-0,200000003","-0,01","-0,090000004","-0,090000004","-0,01","-0,050000001",100
2213663,"-76,90000153","12,47999954","-131,9799957",-58,-246,53,"-0,090000004","0,029999999","-0,07",0,"0,039999999","-0,02",100
2213712,"-76,87000275","12,56000042",-132,-53,-246,54,"0,01","0,01","0,02","0,079999998","0,01","-0,01",100
2213767,"-76,73999786","12,18999958","-131,9700012",-58,-247,52,"0,050000001","-0,039999999","-0,129999995","0,100000001","-0,02","-0,059999999",100
2213812,"-76,70999908","12,10000038","-131,8399963",-52,-244,60,0,"-0,039999999","-0,02","0,109999999","-0,039999999","-0,079999998",100
2213864,"-76,19000244","11,81000042","-131,5399933",-55,-243,61,"0,180000007","-0,140000001","-0,079999998","0,129999995","-0,079999998","-0,050000001",100
2213948,"-75,69000244","11,81000042","-131,2299957",-55,-245,59,"0,140000001","-0,100000001","0,02","0,109999999","-0,07","-0,02",100
2213965,"-75,44999695","11,72000027","-130,9799957",-52,-242,65,"0,039999999","-0,059999999","-0,01","0,100000001","-0,059999999","-0,039999999",100
2214099,"-75,23000336","11,61999989","-130,8600006",-52,-243,65,"0,140000001","-0,090000004","-0,050000001","0,090000004","-0,059999999","-0,039999999",100
2214116,"-74,79000092","11,47000027","-130,5200043",-51,-242,65,"0,050000001","-0,050000001","-0,01","0,02","-0,029999999","-0,01",100
2214128,"-74,79000092","11,47000027","-130,5200043",-51,-242,65,"0,050000001","-0,050000001","-0,01","0,02","-0,029999999","-0,01",100
2214163,"-74,75","11,42000008","-130,3899994",-51,-245,66,"0,01","-0,059999999",0,"0,01","-0,029999999",0,100
2214221,"-74,75","11,39999962","-130,3500061",-54,-244,65,0,"-0,029999999",0,0,0,0,100
2214272,"-74,68000031","11,63000011","-130,3999939",-53,-245,63,"0,02","0,029999999","0,059999999","0,050000001","0,039999999","0,01",100
2214316,"-74,69000244","11,60999966","-130,4499969",-59,-243,65,0,"0,01","-0,01","0,07","0,02","-0,02",100
2214362,"-74,44999695","11,73999977","-130,4600067",-62,-250,65,"0,100000001","0,02","0,050000001","0,119999997",0,"-0,079999998",100
2214412,"-74,43000031","11,85999966","-130,5899963",-53,-242,79,"0,02","0,059999999","0,029999999","0,090000004","0,029999999","-0,119999997",100
2214463,"-74,30999756","11,53999996","-131,6000061",-47,-243,62,"0,109999999","0,300000012","-0,200000003","-0,109999999","0,379999995","-0,200000003",100
2214512,"-74,76000214","11,06999969","-132,5299988",-42,-243,76,"-0,090000004","0,25999999","-0,239999995","0,02","0,310000002","-0,159999996",100
2214563,"-74,33000183","10,72999954","-132,9600067",-38,-241,51,"0,180000007","0,109999999","-0,159999996",0,"0,25999999","-0,029999999",0
2214627,"-74,75","10,52000046","-133,2599945",-47,-246,67,"-0,129999995","0,079999998","-0,100000001","0,189999998","0,150000006","0,07",0
2214665,"-73,81999969","10,60999966","-133,3800049",-44,-246,60,"0,25999999","0,039999999","0,02","0,25999999","0,119999997","0,01",0
2214714,"-73,58000183","10,65999985","-133,4700012",-41,-251,51,"0,119999997","0,050000001","0,01","0,340000004","0,109999999","0,07",0
2214768,"-73,08000183","10,56000042","-133,5099945",-53,-245,70,"0,180000007",0,"-0,039999999","0,600000024","-0,01","0,119999997",0
2214816,"-71,63999939","11,22000027","-133,5700073",-56,-240,78,"0,479999989","0,079999998","0,200000003","0,560000002","0,059999999","0,109999999",0
2214871,"-70,05999756","12,40999985","-133,5",-41,-249,100,"0,560000002","0,119999997","0,400000006","0,579999983","0,100000001","0,300000012",0
2214924,"-67,26000214","12,11999989","-133,0700073",-78,-250,94,"0,860000014","-0,159999996","-0,039999999","0,670000017","0,02","0,280000001",0
2214964,"-65,19999695","14,68000031","-132,9799957",-51,-221,86,"0,680000007","0,310000002","0,779999971","0,860000014","0,129999995","0,430000007",0
2215019,"-64,18000031","15,43999958","-133,2799988",-67,-232,109,"0,479999989","0,25","0,239999995","0,75999999","0,289999992","0,469999999",0
2215064,"-62,68999863","17,15999985","-133,2799988",-87,-230,130,"0,469999999","0,25","0,49000001","0,529999971","0,310000002","0,550000012",0
2215115,"-60,70000076","18,94000053","-132,7400055",-49,-220,127,"0,709999979","0,150000006","0,699999988","0,519999981","0,200000003","0,569999993",0
2215165,"-59,38000107","19,20999908","-131,8399963",-109,-178,143,"0,349999994","-0,200000003","0,230000004","0,300000012","0,209999993","0,839999974",0
2215214,"-55,91999817","23,27000046","-130,2200012",-72,-229,119,1,"0,319999993","1,49000001","0,379999995","0,230000004","0,879999995",0
2215264,"-57,52000046","23,85000038","-131,5599976",-92,-196,144,"-0,379999995","0,479999989","-0,07","0,159999996","0,680000007","0,660000026",0
2215314,"-55,63000107","25,92000008","-131,6699982",-90,-190,140,"0,680000007","0,419999987","0,579999983","0,379999995","0,699999988","0,75",0
2215364,"-54,54000092","27,39999962","-131,3999939",-132,-164,131,"0,340000004","0,230000004","0,469999999","0,219999999","0,610000014","0,75999999",0
2215417,"-54,47000122","31,05999947","-132,6000061",-114,-165,179,"0,239999995","1,029999971","0,829999983","0,059999999","0,949999988","0,400000006",0
2215465,"-52,25","32,43000031","-132,4900055",-148,-156,132,"0,730000019","0,239999995","0,389999986","-0,079999998","1,029999971","0,460000008",0
2215541,"-54,13999939","35,59999847","-135,7200012",-165,-166,152,"-0,01","1,440000057","0,349999994","-0,119999997","1,399999976",0,0
2215569,"-51,31000137","40,63000107","-141,9700012",-242,-140,131,"1,610000014","1,559999943","0,239999995","1,269999981","1,860000014","-0,059999999",0
2215615,"-50,77999878","44,13999939","-144,0700073",-190,-187,84,"1,24000001","2,089999914","1,090000033","1,159999967","1,639999986","-0,050000001",0
"2215,68","-58,56999969","46,93000031","-150,5200043",-154,-146,101,"-1,210000038","2,019999981","-0,109999999","-0,280000001","1,610000014","0,270000011",0
2215725,"-63,29999924","49,61999893","-156,1399994",-150,-144,38,"-0,140000001","1,230000019","0,159999996","-0,050000001","1,799999952","0,389999986",0
2215774,"-71,19000244","51,27999878","-162,1199951",-200,-168,74,"-1,299999952","1,649999976","0,02","-0,629999995","1,580000043","0,379999995",0
2215847,"-77,12000275","52,20999908","-166,0899963",-185,-179,-3,"-0,980000019","0,920000017","0,07","-0,860000014","1,519999981","0,25",0
2215875,-97,"53,31999969","-179,5899963",-207,-182,-8,"-2,210000038","1,99000001","0,119999997","-1,340000033","1,720000029","0,689999998",0
2215918,"-102,1900024","53,43999863","177,25",-184,-163,-48,"-1,659999967","1,159999967","0,209999993","-1,379999995","1,659999967","0,74000001",0
2215981,"-112,6299973","52,47000122","171,0299988",-221,-174,-30,"-2,279999971","1,620000005","0,029999999","-1,870000005","1,50999999","0,569999993",0
2216016,"-120,2200012","53,68000031","168,9600067",-216,-135,-51,"-1,629999995","0,180000007","0,409999996","-1,789999962","0,980000019","0,800000012",0
2216066,"-125,1600037","54,74000168","166,8000031",-216,-126,-55,"-1,639999986","0,270000011","0,790000021","-1,600000024","0,959999979","0,899999976",0
2216117,"-133,4400024","54,59000015","162,8500061",-273,-88,-109,"-1,769999981","0,680000007","0,430000007","-1,74000001","1,419999957","0,610000014",0
2216165,"-144,9799957","56,31000137","156,8200073",-238,-74,-117,"-2,230000019","0,370000005","1,220000029","-1,639999986","0,970000029","0,560000002",0
2216215,"-153,7299957","55,63999939","152,0599976",-228,-70,-188,"-1,710000038","0,720000029","0,670000017","-1,24000001","1,100000024","0,629999995",0
2216265,"-160,6799927","51,43999863","149,5",-225,-66,-211,"-1,720000029","1,620000005","-0,119999997","-1,389999986","0,860000014","-0,02",0
2216316,"-164,3500061","47,93000031","150,1900024",-235,-34,-191,"-1,440000057","1,139999986","-0,550000012","-1,210000038","0,529999971","-0,319999993",0
2216368,"-167,75","49,61999893","151,7700043",-233,-24,-198,"-1,590000033","-0,620000005","-0,200000003","-1,200000048","-0,389999986","-0,400000006",0
2216421,"-170,8699951","50,68999863","152,1199951",-232,12,-192,"-1,120000005","-0,340000004",0,"-0,75999999","-0,389999986","-0,159999996",0
2216468,"-176,4100037","51,58000183","150,5099945",-182,-50,-182,"-1,450000048","-0,230000004","0,370000005","-0,800000012","-0,280000001","-0,159999996",0
2216521,"-174,6499939","50,72999954","154,6199951",-186,-36,-185,"-0,529999971","0,230000004","-0,980000019","-0,879999995","-0,360000014","-0,219999999",0
2216569,"-174,8999939","50,59999847","156,6399994",-205,-5,-162,"-0,600000024",0,"-0,419999987","-0,870000005","-0,519999981","-0,090000004",0
2216617,"-178,3300018","52,61999893","155,0899963",-223,-19,-169,"-0,810000002","-0,699999988","0,400000006","-0,75","-0,620000005","0,219999999",0
2216666,"178,6600037","54,84999847","153,1300049",-239,-22,-168,"-0,519999981","-0,810000002","0,430000007","-0,74000001","-0,790000021","0,639999986",0
2216716,"176,5700073","57,61000061","150,8899994",-246,-33,-163,"-0,079999998",-1,"0,400000006","-0,400000006",-1,"0,829999983",0
2216766,"175,6999969","61,75999832","147,3899994",-275,-30,-131,"0,769999981","-1,49000001","0,49000001","0,310000002","-1,620000005","1,230000019",0
2216816,"174,8500061","66,83999634","143,1300049",-254,-19,-167,"1,070000052","-1,820000052","0,449999988","0,720000029","-1,539999962","1,210000038",0
2216867,"175,3899994","67,16000366","141,9299927",-200,-15,-127,"0,569999993","-0,119999997","0,150000006","0,300000012","-1,210000038","0,699999988",0
2216919,"176,2799988","69,22000122","142,0700073",-257,41,-69,"0,25999999","-0,699999988","-0,07","0,07","-1,5","0,349999994",0
2216972,"163,4499969","73,87000275","129,5",-256,49,-79,"-0,300000012","-1,769999981","1,039999962","-0,039999999","-1,25","0,409999996",0
"2217,02","147,0700073","74,61000061","113,8099976",-268,78,-71,"-0,419999987","-0,800000012","1,169999957","-0,219999999","-0,970000029","0,670000017",0
2217072,"129,0299988","74,08000183","97,70999908",-314,84,-70,"-0,920000017","-0,899999976","1,309999943","-0,639999986","-1,100000024","0,629999995",0
2217128,"105,8899994","73,05000305","78,41999817",-256,96,-91,"-1,559999943","-1,440000057","1,190000057","-1,350000024","-1,75","0,970000029",0
2217175,"95,16999817","67,86000061","73,55000305",-195,115,-70,"-1,899999976","-0,129999995","1,720000029","-2,170000076","-1,49000001","1,340000033",0
2217216,"94,19999695","65,94999695","79,05000305",-163,112,-2,"-2,24000001","0,899999976","0,649999976","-2,539999962","-0,340000004",0,0
2217275,"86,09999847","65,73999786","76,69000244",-215,38,75,"-2,539999962","-0,409999996","0,159999996","-2,380000114","-0,409999996","-0,550000012",0
2217318,"63,63000107","68,01999664","59,15000153",-152,73,63,"-1,889999986","-1,830000043","-1,129999995","-1,169999957","-0,649999976","-0,050000001",0
2217368,"56,11000061","65,59999847","54,65000153",-201,153,78,"-1,370000005","-1,120000005","0,540000021","-0,959999979","-0,550000012","0,170000002",0
2217432,"58,86000061","61,68000031","59,13000107",-194,181,55,"-0,430000007","-0,129999995","1,539999962","-0,319999993","0,25","0,059999999",0
"2217,47","64,86000061","56,86999893","64,80000305",-216,93,41,"0,310000002","0,079999998","1,529999971","-0,230000004","0,129999995","-0,050000001",0
2217518,"64,37000275","58,38000107","65,51999664",-239,119,77,"-0,50999999","0,449999988","-0,550000012","-0,689999998","0,219999999","0,079999998",0
2217602,"62,06000137","58,00999832","64,83999634",-241,123,67,"-0,629999995","-0,180000007","0,07","-0,600000024","0,119999997","0,349999994",0
"2217,62","59,84999847","56,31000137","58,40000153",-267,48,100,"0,720000029","-0,879999995","-0,07","0,579999983","-0,870000005","0,159999996",0
2217669,"56,34000015","57,56999969","54,27000046",-279,35,78,"-0,029999999","-0,860000014","-1,580000043","0,560000002","-0,639999986","0,219999999",0
2217718,"50,97999954","63,06999969","46,95000076",-273,50,62,"0,389999986","0,170000002","-2,349999905","0,819999993","-0,159999996","-0,419999987",0
2217771,"50,20000076","69,97000122","45,11000061",-332,96,51,"0,340000004","1,389999986","-2,059999943","0,600000024","0,879999995","-1,059999943",0
"2217,82","56,06999969","75,05000305","48,61999893",-334,39,104,"0,839999974","1,299999952","-1,100000024","0,790000021","0,769999981","-1,169999957",0
2217891,"42,88999939","79,44000244","36,34000015",-287,30,73,"-0,430000007","0,270000011","-1,809999943","-0,039999999","1,299999952","-1,129999995",0
2217922,"26,09000015","82,18000031","21,98999977",-347,8,48,"-0,649999976","0,219999999","-0,850000024","-0,469999999","0,860000014","-0,720000029",0
"2217,97","18,46999931","83,41999817","15,22999954",-333,25,21,"-0,519999981","0,460000008","-0,709999979","-0,389999986","0,550000012","-0,449999988",0
2218023,"32,22000122","84,54000092","31,06999969",-293,41,-2,"-0,75","0,639999986","0,370000005","-0,699999988","0,330000013","0,119999997",0
2218085,"49,86999893","83,66999817","49,02999878",-237,7,-78,"-0,07","0,180000007","0,629999995","-0,219999999","-0,330000013","0,129999995",0
2218119,"142,0700073","82,41999817","139,0399933",-183,16,-125,"0,730000019","2,769999981","-0,029999999","0,469999999","0,889999986","0,25999999",0
2218167,"157,2700043","76,94000244","152,1199951",-219,8,-3,"1,220000029","3,180000067","0,49000001","0,949999988","1,080000043","0,469999999",0
2218237,"157,1699982","76,56999969","148,5200043",-244,-9,51,"1,210000038","0,01","0,330000013","1,120000005","0,870000005","0,550000012",0
2218268,"156,8600006","85,01000214","145,7200012",-280,1,7,"0,629999995","-2,019999981","-0,790000021","0,540000021","0,02","-0,180000007",0
2218317,"159,9299927","86,56999969","147,8200073",-282,-10,-10,"0,550000012","-0,689999998","-0,370000005","0,49000001","-0,119999997","-0,189999998",0
2218369,"176,7599945","88,76999664","164,1900024",-238,-19,-14,"0,170000002","-0,709999979","-0,389999986","0,109999999","-0,600000024","-0,059999999",0
"2218,42","-115,9599991","88,02999878","-126,5199966",-211,9,-18,"-0,670000017","-0,150000006","-0,629999995","-0,699999988","-0,330000013","-0,219999999",0
"2218,47","-131,9400024","88,23999786","-139,1300049",-296,66,-13,"-1,159999967","0,079999998","0,140000001","-1,200000048","-0,230000004","-0,150000006",0
2218518,"71,41000366","87,54000092","66,30999756",-296,93,-8,"-0,74000001","-0,649999976","1,25999999","-0,75","-0,790000021","-0,170000002",0
2218572,"81,06999969","83,51999664","79,16999817",-296,109,11,"-1,129999995","0,050000001","1,470000029","-1,129999995","-0,200000003","-0,129999995",0
2218618,"77,45999908","79,12000275","77,98999786",-282,75,-10,"-0,800000012","-0,300000012","1,429999948","-0,720000029","-0,200000003","-0,07",0
2218668,"81,81999969","78,55000305","84,15000153",-213,54,-19,"-0,639999986","0,409999996","0,289999992","-0,779999971","-0,02","-0,129999995",0
2218721,"79,37999725","78,12999725","82,79000092",-180,56,6,"-0,389999986","-0,119999997","0,140000001","-0,560000002","-0,610000014","-0,07",0
2218768,"70,26999664","75,88999939","73,15000153",-214,52,30,"0,090000004","-0,850000024","0,5","0,01","-0,870000005","0,140000001",0
2218818,"60,93000031","74,25","63,29000092",-228,37,29,"0,07","-1,139999986","0,159999996","0,100000001","-0,910000026","0,140000001",0
2218896,"51,38000107","74,23999786","54,09000015",-227,44,39,"-0,239999995","-0,730000019","-0,479999989","-0,170000002","-0,790000021","-0,109999999",0
2218923,"40,11000061","73,04000092","42,18999863",-262,57,49,"0,029999999","-0,720000029","-0,340000004","0,129999995","-0,769999981","-0,230000004",0
2218969,"38,79999924","72,81999969","40,63999939",-287,42,44,"0,109999999","-0,289999992","-0,129999995","0,100000001","-0,540000021","-0,239999995",0
2219018,"34,97999954","74,26999664","36,47000122",-300,34,53,"0,07","0,180000007","-0,699999988","0,100000001","-0,330000013","-0,449999988",0
2219075,"28,61000061","75,81999969","29,20999908",-280,2,50,"0,230000004","0,129999995","-0,860000014","0,330000013","-0,209999993","-0,589999974",0
2219119,"17,19000053","78,43000031","17,02000046",-238,-3,39,"0,140000001","0,419999987","-1,070000052","0,360000014","0,159999996","-0,469999999",0
2219171,"9,239999771","79,77999878","8,600000381",-194,-7,23,"0,129999995","0,379999995","-0,730000019","0,319999993","0,219999999","-0,409999996",0
2219221,"-2,170000076","81,45999908","-3,440000057",-163,-25,22,"0,159999996","0,519999981","-0,689999998","0,330000013","0,289999992","-0,449999988",0
2219301,"-21,20999908","81,98000336","-22,75",-245,-42,42,"0,02","0,370000005","-0,910000026","0,090000004","0,319999993","-0,419999987",0
2219324,"-32,00999832","79,29000092","-33,08000183",-298,-41,91,"-0,129999995","-0,370000005","-0,600000024","-0,02","-0,180000007","-0,01",0
2219425,"-29,47999954","77,95999908","-30,28000069",-300,-38,86,"-0,150000006",-1,"-0,140000001","-0,090000004","-0,140000001","0,07",0
"2219,44","-27,37000084","75,83000183","-25,84000015",-320,-46,83,"-0,430000007","-0,449999988","-0,02","-0,360000014","0,150000006","0,100000001",0
2219469,"-28,20000076","75,75","-26,04000092",-308,-41,71,"-0,430000007","-0,029999999","-0,050000001","-0,310000002","0,200000003","0,109999999",0
"2219,53","-27,88999939","75,69000244","-25,12000084",-260,-26,83,"-0,360000014","-0,100000001","0,109999999","-0,239999995","-0,050000001","0,170000002",0
"2219,57","-20,73999977","74,05999756","-17,75",-225,-26,67,"0,01","-0,649999976","0,310000002","-0,189999998","-0,200000003","0,25999999",0
2219621,"-18,79999924","73,48999786","-15,47999954",-249,-25,66,"-0,109999999","-0,319999993","0,180000007","-0,280000001","-0,209999993","0,300000012",0
2219669,"-17,62999916","73,63999939","-13,30000019",-278,-14,74,"-0,310000002","-0,02","0,219999999","-0,49000001","-0,109999999","0,300000012",0
2219723,"-13,01000023","74,02999878","-8,670000076",-282,-7,67,"0,059999999","0,01","0,49000001","-0,189999998","-0,079999998","0,349999994",0
"2219,77","-8,800000191","75,12000275","-4,329999924",-276,-8,58,"0,01","0,280000001","0,430000007","-0,25999999","0,029999999","0,289999992",0
2219819,"-7,53000021","75,87999725","-3,559999943",-256,-7,56,"0,200000003","0,270000011","0,109999999","-0,029999999","-0,029999999","0,119999997",0
2219869,"-6,679999828",76,"-3,539999962",-243,-6,59,"0,300000012","0,039999999","0,01","0,189999998","-0,119999997","0,02",0
2219919,"-5,019999981","75,68000031","-3,25",-228,4,57,"0,469999999","-0,109999999","0,01","0,360000014","-0,150000006","0,029999999",0
2219975,"-1,539999962","75,51999664","-1,220000029",-225,10,61,"0,540000021","-0,07","0,180000007","0,389999986","-0,100000001","0,039999999",0
2220075,"0,730000019","75,52999878","0,059999999",-246,3,62,"0,319999993",0,"0,100000001","0,150000006","0,050000001","-0,079999998",0
2220099,"0,930000007","75,15000153","-1,899999976",-274,-8,73,"0,370000005","-0,07","-0,090000004","0,239999995","-0,100000001","-0,090000004",0
2220141,"0,49000001","74,83000183","-3,039999962",-281,3,71,"0,460000008","-0,219999999","-0,209999993","0,389999986","-0,219999999","0,01",0
2220175,"2,339999914","74,44999695","-2,140000105",-277,17,71,"0,409999996","-0,159999996","0,100000001","0,340000004","-0,25999999","0,079999998",0
2220243,"5,710000038","74,26000214","0,330000013",-258,19,63,"0,5","-0,079999998","0,340000004","0,360000014","-0,200000003","0,100000001",0
2220277,"12,36999989","74,33999634","5,789999962",-247,21,65,"0,360000014","0,079999998","0,379999995","0,219999999","-0,109999999","0,180000007",0
2220327,"14,46000004","74,05999756","7,670000076",-241,21,67,"0,150000006","-0,079999998","0,289999992","0,01","-0,129999995","0,209999993",0
2220383,16,"73,73000336","9,220000267",-247,17,66,"0,02","-0,07","0,180000007","-0,119999997","-0,059999999","0,140000001",0
2220436,"15,32999992","73,63999939","8,680000305",-253,7,76,"-0,039999999","-0,039999999","-0,039999999","-0,159999996","-0,100000001","0,059999999",0
2220484,"12,85999966","73,30000305","6,460000038",-262,7,76,"-0,109999999","-0,159999996","-0,170000002","-0,07","-0,079999998","0,090000004",0
2220538,"11,53999996","73,12999725","5,099999905",-261,8,78,"-0,01","-0,090000004","-0,129999995","0,029999999","-0,109999999","0,090000004",0
"2220,59","10,84000015","72,87999725","4,179999828",-260,15,85,"0,059999999","-0,100000001","-0,07","0,090000004","-0,090000004","0,090000004",0
2220626,"11,14000034","72,31999969","4,170000076",-255,18,81,"0,100000001","-0,180000007","0,029999999","0,100000001","-0,07","0,050000001",0
2220676,"11,65999985","72,23999786","4,519999981",-250,17,80,"0,090000004","-0,029999999","0,059999999","0,07","-0,01","0,029999999",0
2220724,12,"72,36000061","4,829999924",-249,23,79,"0,02","0,050000001","0,02",0,"0,07","0,02",0
2220797,"13,40999985","72,45999908","5,949999809",-253,18,84,"0,129999995","0,059999999","0,109999999","0,039999999","0,090000004","0,01",0
2220825,"13,02000046","72,12999725","4,989999771",-256,15,82,"0,119999997","-0,090000004","-0,050000001","0,079999998","0,02","-0,01",0
2220877,"12,81999969","72,06999969","4,570000172",-257,15,86,"0,129999995","-0,050000001","-0,07","0,100000001","-0,02","0,02",0
"2220,96","12,34000015","71,77999878","3,470000029",-257,17,85,"0,189999998","-0,119999997","-0,090000004","0,159999996","-0,029999999",0,0
2221004,01/11/75,"71,84999847",2,-257,20,84,"0,170000002",0,"-0,100000001","0,129999995","0,039999999","-0,050000001",0
2221031,"12,21000004","71,80999756","1,950000048",-258,20,81,"0,200000003","-0,02",0,"0,150000006",0,"-0,029999999",0
2221079,"12,53999996","71,84999847","1,960000038",-252,19,79,"0,209999993","0,029999999",0,"0,150000006","-0,01","-0,02",0
2221125,"13,05000019","72,12000275","2,049999952",-250,20,79,"0,150000006","0,100000001","-0,01","0,100000001","0,059999999","-0,01",0
2221175,"13,51000023","72,33999634","2,190000057",-255,21,79,"0,119999997","0,079999998",0,"0,059999999","0,090000004","-0,01",0
2221226,"13,59000015","72,5","1,950000048",-257,17,82,"0,109999999","0,050000001","-0,039999999","0,050000001","0,050000001","-0,050000001",0
2221275,"12,97999954","72,54000092","1,159999967",-259,17,80,"0,050000001",0,"-0,079999998","0,02","0,050000001","-0,02",0
2221325,"12,64000034","72,58000183","0,620000005",-252,17,77,"0,059999999",0,"-0,059999999","0,029999999","0,01","-0,01",0
2221375,"12,36999989","72,72000122","0,219999999",-251,19,70,"0,039999999","0,039999999","-0,050000001",0,"0,029999999","-0,02",0
